{"stats":{"minecraft:dropped":{"minecraft:dirt":1},"minecraft:killed_by":{"minecraft:zombie":1},"minecraft:mined":{"minecraft:grass":1,"minecraft:grass_block":1},"minecraft:custom":{"minecraft:jump":16,"minecraft:time_since_rest":1664,"minecraft:damage_taken":270,"minecraft:leave_game":7,"minecraft:play_time":5822,"minecraft:sprint_one_cm":948,"minecraft:walk_one_cm":4072,"minecraft:time_since_death":0,"minecraft:deaths":1,"minecraft:total_world_time":5822,"minecraft:drop":1,"minecraft:fly_one_cm":2500},"minecraft:picked_up":{"minecraft:dirt":1}},"DataVersion":3465}