{"stats":{"minecraft:used":{"minecraft:firework_rocket":94,"minecraft:potion":1},"minecraft:mined":{"minecraft:grass_block":1},"minecraft:killed":{"minecraft:zombie":1},"minecraft:custom":{"minecraft:jump":30,"minecraft:time_since_rest":44985,"minecraft:damage_dealt":128,"minecraft:leave_game":5,"minecraft:play_time":44985,"minecraft:sprint_one_cm":5958,"minecraft:time_since_death":44985,"minecraft:walk_on_water_one_cm":295,"minecraft:walk_one_cm":11602,"minecraft:total_world_time":44985,"minecraft:walk_under_water_one_cm":367,"minecraft:mob_kills":1,"minecraft:swim_one_cm":1695,"minecraft:fall_one_cm":209,"minecraft:drop":1,"minecraft:fly_one_cm":224892,"minecraft:aviate_one_cm":749224},"minecraft:dropped":{"minecraft:firework_rocket":1}},"DataVersion":3465}