{
  "minecraft:recipes/decorations/crafting_table": {
    "criteria": {
      "unlock_right_away": "2024-06-06 15:54:32 +0000"
    },
    "done": true
  },
  "minecraft:adventure/adventuring_time": {
    "criteria": {
      "minecraft:stony_shore": "2024-06-06 15:57:29 +0000",
      "minecraft:jungle": "2024-06-06 15:54:33 +0000",
      "minecraft:savanna": "2024-06-06 15:55:06 +0000"
    },
    "done": false
  },
  "minecraft:adventure/root": {
    "criteria": {
      "killed_by_something": "2024-06-06 15:56:54 +0000"
    },
    "done": true
  },
  "DataVersion": 3465
}